<?xml version="1.0" encoding="UTF-8"?>
<project-private xmlns="http://www.netbeans.org/ns/project-private/1">
    <editor-bookmarks xmlns="http://www.netbeans.org/ns/editor-bookmarks/2" lastBookmarkId="0"/>
    <open-files xmlns="http://www.netbeans.org/ns/projectui-open-files/2">
        <group>
            <file>file:/home/www/GC_MVP/vendor/epalsAPIs/php/RegisterFlowForStudent.php</file>
            <file>file:/home/www/GC_MVP/vendor/epalsAPIs/php/RegisterFlowForParent.php</file>
            <file>file:/home/www/GC_MVP/vendor/epalsAPIs/php/RegisterFlowForTeacher.php</file>
            <file>file:/home/www/GC_MVP/vendor/epalsAPIs/php/TestAttribute.php</file>
            <file>file:/home/www/GC_MVP/vendor/epalsAPIs/php/teacher.php</file>
            <file>file:/home/www/GC_MVP/vendor/epalsAPIs/php/user.php</file>
        </group>
    </open-files>
</project-private>
